marker_time,marker_type,object_id
3.1201666666666665,start,2
5.551966666666667,stop,2
7.7441,start,2
9.968133333333334,stop,2
11.504033333333334,start,1
12.336,stop,1
15.152033333333334,start,2
18.416033333333335,stop,2
20.304133333333333,start,1
21.6641,stop,1
23.360133333333334,start,1
24.1601,stop,1
25.8561,start,2
30.208166666666667,stop,2
37.056133333333335,start,2
38.09596666666667,stop,2
39.42393333333333,start,1
40.5442,stop,1
43.34413333333333,start,2
45.40793333333333,stop,2
