marker_time,marker_type,object_id,marker_frame
0.032233333333333336,start,1,1
0.032233333333333336,stop,1,1
0.032233333333333336,start,2,1
0.032233333333333336,stop,2,1
0.032233333333333336,start,1,1
0.032233333333333336,stop,1,1
